Incident ID,Location,District,Crime Type,Severity,Date,Time
I001,New Street,City Centre,Armed Robbery,5,2026-04-14,08:32
I002,Digbeth,South,Assault,4,2026-04-14,09:15
I003,Aston,North,Burglary,3,2026-04-14,07:50
I004,Small Heath,East,Vandalism,2,2026-04-14,10:05
I005,Edgbaston,South,Theft,3,2026-04-14,11:20
I006,Erdington,North,Assault,4,2026-04-14,10:40
I007,Colmore Row,City Centre,Robbery,4,2026-04-14,06:45
I008,Handsworth,North,Burglary,2,2026-04-14,13:15
I009,Jewellery Quarter,City Centre,Theft,3,2026-04-14,14:30
I010,Bournville,South,Vandalism,1,2026-04-14,15:00
I011,Bordesley,East,Assault,3,2026-04-14,08:00
I012,Kings Heath,South,Burglary,2,2026-04-14,09:50
I013,Steelhouse Lane,City Centre,Armed Robbery,5,2026-04-14,07:10
I014,Moseley,West,Theft,2,2026-04-14,12:00
I015,Selly Oak,South,Robbery,3,2026-04-14,16:45
I016,Bordesley Green,East,Robbery,3,2026-04-14,11:05
I017,Sparkhill,East,Vandalism,1,2026-04-14,14:00
I018,Acocks Green,West,Assault,2,2026-04-14,09:30
I019,Quinton,West,Burglary,3,2026-04-14,13:45
